manufacturer_code,manufacturer_name
601,Hindustan Unilever Ltd.
602,Procter & Gamble Hygiene and Health Care Ltd.
603,Nestle India Ltd.
604,Dabur India Ltd.
605,Patanjali Ayurved Ltd.
606,Britannia Industries Ltd.
607,Colgate-Palmolive (India) Ltd.
608,ITC Ltd.
609,Marico Ltd.
610,Godrej Consumer Products Ltd.
